{
  "admin_password": "Zort123.",
  "email_filters": [
    {
      "id": "hbo_filter",
      "name": "HBO Max Kodları",
      "from_email": "no-reply@message.hbomax.com",
      "trigger_phrases": [
        "Tek Seferlik Kodunuz"
      ],
      "code_patterns": [
        "(?:Tek\\s*Seferlik\\s*Kodunuz[:\\s]*(\\d{6}))",
        "(?:kodunuz[:\\s]*(\\d{6}))",
        "(?:kod[:\\s]*(\\d{6}))",
        "(\\d{6})(?=.*süresi|.*dakika|.*geçerli)",
        "(\\d{6})"
      ],
      "active": true
    },
    {
      "name": "Netflix kodları",
      "from_email": "info@account.netflix.com",
      "trigger_phrases": [
        "Oturum açmak için aşağıdaki kodu girin"
      ],
      "code_patterns": [
        "(?is)oturum\\saçmak\\siçin\\saşağıdaki\\skodu\\sgir(?:in|iniz)\\s[:：-]?\\s*(?:<br\\s*/?>|\\r?\\n)+\\s*((?:\\d\\s*){4})"
      ],
      "active": true,
      "id": "filter_1759057603"
    }
  ]
}