{
  "admin_password": "Zort123.",
  "gmail_accounts": [
    {
      "id": "account_1",
      "name": "Ana Gmail Hesabı",
      "email": "your-gmail@gmail.com",
      "credentials_file": "credentials.json",
      "token_file": "token.pickle",
      "active": true,
      "connected": true
    },
    {
      "name": "bloodex56@gmail.com",
      "email": "bloodex564@gmail.com",
      "credentials_file": "credentials2.json",
      "active": true,
      "id": "account_1759061110",
      "token_file": "token_account_1759061110.pickle",
      "connected": true
    }
  ],
  "email_filters": [
    {
      "id": "hbo_filter",
      "name": "HBO Max Kodları",
      "account_id": "account_1",
      "from_email": "no-reply@message.hbomax.com",
      "trigger_phrases": [
        "Tek Seferlik Kodunuz"
      ],
      "code_patterns": [
        "(?is)tek\\s*seferlik\\s*kodunuz\\s*[:：-]?\\s*(?:<br\\s*/?>|\\r?\\n)+\\s*(\\d{6})",
        "(\\d{6})"
      ],
      "active": true
    },
    {
      "id": "netflix_filter",
      "name": "Netflix Kodları",
      "account_id": "account_1",
      "from_email": "info@account.netflix.com",
      "trigger_phrases": [
        "Oturum açmak için aşağıdaki kodu girin"
      ],
      "code_patterns": [
        "(?is)oturum\\s*açmak\\s*için\\s*aşağıdaki\\s*kodu\\s*gir(?:in|iniz)\\s*[:：-]?\\s*(?:<br\\s*/?>|\\r?\\n)+\\s*(\\d{4})",
        "(\\d{4})"
      ],
      "active": true
    },
    {
      "name": "Netflix kodları",
      "account_id": "account_1759061110",
      "from_email": "info@account.netflix.com",
      "trigger_phrases": [
        "Oturum açmak için aşağıdaki kodu girin"
      ],
      "code_patterns": [
        "(?is)oturum\\s*açmak\\s*için\\s*aşağıdaki\\s*kodu\\s*gir(?:in|iniz)\\s*[:：-]?\\s*(?:|\\r?\\n)+\\s*(\\d{4})",
        "(\\d{4})"
      ],
      "active": true,
      "id": "filter_1759061146"
    }
  ]
}